INSERT INTO clientes (id, nome, cpf, num_conta, ativo, saldo) VALUES
    ('adf3d66d-588a-4298-b209-f4d5a9827cb6', 'Ana Souza', '938.595.871-29', '159591', True, 1517.18),
    ('2df62321-376f-4f41-980c-fb461d600844', 'Bruno Lima', '104.686.806-32', '159195', True, 8191.22),
    ('99d2685f-ab11-4eec-ba76-0761a4accf3f', 'Carlos Pereira', '558.644.981-14', '159766', True, 5007.55),
    ('21e57c31-cdba-468f-94a6-055b99b0f93a', 'Daniela Rocha', '468.285.048-28', '159820', True, 4660.73),
    ('67bb098f-a52d-4bff-b94b-e8db2fde73aa', 'Eduardo Alves', '482.362.252-91', '159988', True, 3512.68),
    ('3fd86a4a-aa64-4373-b949-3d6c5bdb6978', 'Fernanda Costa', '286.087.032-62', '159161', True, 4394.59),
    ('2fb3ce11-4022-4c37-98b8-0ed253c77580', 'Gabriel Martins', '648.561.511-34', '159307', True, 0.0),
    ('a7924ead-2998-40f1-98c3-dbcad1f315dd', 'Helena Duarte', '085.424.963-02', '159162', True, 593.58),
    ('b2853755-b840-4b08-ba6c-11c80fecf66b', 'Igor Freitas', '148.262.022-70', '159255', True, 1060.34),
    ('40b20c4a-31a1-49ae-b74f-7c53eae865fa', 'Juliana Mendes', '808.593.527-90', '159964', True, 0.0),
    ('3286179f-ce8b-4cdd-8ffe-4ed898487ec0', 'Kleber Ramos', '862.509.939-40', '159434', False, 5895.14),
    ('f25458ae-9eac-454a-9221-482594a11f2e', 'Larissa Oliveira', '946.465.745-60', '159411', False, 19078.96),
    ('44e8b64c-1790-454e-9736-4f102eac0951', 'Marcos Teixeira', '994.553.983-38', '159856', False, 0.0),
    ('5ea54309-1ac8-494f-ab01-2d7fefd4d360', 'Natália Ribeiro', '421.654.458-41', '159152', False, 2859.55),
    ('4ffb169d-5e2f-46f9-a2b2-faf3508dbeb4', 'Otávio Fernandes', '277.431.598-09', '159401', False, 7369.44);

INSERT INTO Dispositivos (id, cliente_id, data_inclusao, descricao, ativo) VALUES
    ('8ca7c553-b19e-49a4-bfed-6c0cac3a5291', 'adf3d66d-588a-4298-b209-f4d5a9827cb6', '2023-09-28 00:00:00', 'Smartphone Android', False),
    ('9a9a9d57-7a0c-4128-a1d8-fd9c90fab266', 'adf3d66d-588a-4298-b209-f4d5a9827cb6', '2023-06-07 00:00:00', 'Console PlayStation', True),
    ('47d12598-39c6-4346-b0af-55c485a8aa1e', 'adf3d66d-588a-4298-b209-f4d5a9827cb6', '2024-01-10 00:00:00', 'Smart Speaker Alexa', False),
    ('6c1a1cc8-1180-4199-af53-2d3408227f5f', '2df62321-376f-4f41-980c-fb461d600844', '2023-06-09 00:00:00', 'Tablet Samsung', True),
    ('6c26a99e-dfb0-4d6a-ac10-a0d78437cd1e', '99d2685f-ab11-4eec-ba76-0761a4accf3f', '2024-04-29 00:00:00', 'Smart Speaker Alexa', False),
    ('b677cee5-4d52-485d-9fe0-2bd7372f3c42', '21e57c31-cdba-468f-94a6-055b99b0f93a', '2023-02-14 00:00:00', 'iPhone', False),
    ('465f5708-b4d6-47ef-b1cf-8cba44a64231', '21e57c31-cdba-468f-94a6-055b99b0f93a', '2024-06-29 00:00:00', 'Smart Speaker Alexa', False),
    ('2de78029-8387-4368-bff5-694e511f8534', '67bb098f-a52d-4bff-b94b-e8db2fde73aa', '2023-11-08 00:00:00', 'Tablet Samsung', False),
    ('dd96e88f-28f9-40a2-94e9-fbe406f66115', '67bb098f-a52d-4bff-b94b-e8db2fde73aa', '2024-05-15 00:00:00', 'Raspberry Pi', False),
    ('97286692-f562-4463-aea4-56fd5ae43f9a', '3fd86a4a-aa64-4373-b949-3d6c5bdb6978', '2024-06-09 00:00:00', 'Smartphone Android', True),
    ('6636c3e5-18b7-4a3c-bf97-097922278adb', '3fd86a4a-aa64-4373-b949-3d6c5bdb6978', '2024-05-24 00:00:00', 'TV LG', True),
    ('8fca33b1-b578-4078-b040-eef108c192b4', '2fb3ce11-4022-4c37-98b8-0ed253c77580', '2024-05-21 00:00:00', 'Tablet Samsung', True),
    ('5c19c363-e525-4dc8-b9b6-396fc87d9148', '2fb3ce11-4022-4c37-98b8-0ed253c77580', '2023-09-02 00:00:00', 'Raspberry Pi', True),
    ('682d4436-209f-4493-b631-928474350c2b', '2fb3ce11-4022-4c37-98b8-0ed253c77580', '2025-02-21 00:00:00', 'Smartphone Android', False),
    ('871c2c13-1537-47c3-a953-62ef7f5e930e', 'a7924ead-2998-40f1-98c3-dbcad1f315dd', '2024-04-02 00:00:00', 'Desktop HP', True),
    ('19598080-6a25-4316-b096-b673eb1a7711', 'a7924ead-2998-40f1-98c3-dbcad1f315dd', '2024-07-30 00:00:00', 'Smartwatch Samsung', True),
    ('37e92bcd-b67f-48d0-a82f-ab0a718efb47', 'a7924ead-2998-40f1-98c3-dbcad1f315dd', '2024-08-31 00:00:00', 'Console Xbox', True),
    ('4b5dc899-bc1c-4c41-8e88-087da6e7cd1c', 'b2853755-b840-4b08-ba6c-11c80fecf66b', '2024-09-17 00:00:00', 'Console PlayStation', True),
    ('210b58ce-c950-4a7c-aede-b4bbb3bb96e6', 'b2853755-b840-4b08-ba6c-11c80fecf66b', '2024-04-19 00:00:00', 'Smartwatch Apple', False),
    ('3863d521-a57d-49b1-bcad-11c9d4323024', '40b20c4a-31a1-49ae-b74f-7c53eae865fa', '2023-03-28 00:00:00', 'Tablet Samsung', False);

INSERT INTO transacoes (id, cc_origem, cc_destino, data_transacao, valor, operacao, tipo_operacao, situacao, dispositivo_id) VALUES
    ('cc27bdc3-713d-4f52-9a8f-d41856dd4062', '159434', NULL, '2021-05-17 00:00:00', 5679.12, 1, 1, 0, NULL),
    ('eea8748b-bf96-4fae-864e-2bffde8326b4', '159434', NULL, '2021-09-28 00:00:00', 3045.91, 1, 1, 0, NULL),
    ('ac9df6d9-186a-4d1c-b75b-3b4adb317160', '159195', NULL, '2023-03-18 00:00:00', 3240.38, 1, 1, 1, '6c1a1cc8-1180-4199-af53-2d3408227f5f'),
    ('f6dd9c8f-9212-4d4a-a785-110f2908427b', '159307', '159161', '2020-08-02 00:00:00', 3603.55, 1, 4, 2, '5c19c363-e525-4dc8-b9b6-396fc87d9148'),
    ('16668116-e5a5-41da-99f5-18fae622c394', '159152', '159766', '2022-07-21 00:00:00', 1924.3, 1, 4, 0, NULL),
    ('710a1487-fcfe-4575-91d5-75a77cd576fd', '159195', 'XXXXXX', '2020-01-10 00:00:00', 5492.34, 1, 4, 0, '6c1a1cc8-1180-4199-af53-2d3408227f5f'),
    ('7666f37c-a881-4050-9e82-9839a8316f65', '159255', NULL, '2022-11-09 00:00:00', 902.62, 1, 1, 2, '4b5dc899-bc1c-4c41-8e88-087da6e7cd1c'),
    ('6c465273-9882-4789-836c-9da52ffa8966', '159766', NULL, '2023-06-21 00:00:00', 1838.33, 1, 1, 1, '6c26a99e-dfb0-4d6a-ac10-a0d78437cd1e'),
    ('6c7b125e-cf2e-414f-abe1-89f89889c67b', '159401', NULL, '2023-01-09 00:00:00', 5508.27, 1, 1, 1, NULL),
    ('724b6424-55dc-4e1d-8ea8-897204f62509', '159152', NULL, '2022-02-04 00:00:00', 860.56, 0, 0, 2, NULL),
    ('730852a0-90bc-4d75-b0e4-7eb14eaca6e1', '159411', NULL, '2024-05-30 00:00:00', 4565.48, 1, 1, 1, NULL),
    ('50e0e16f-2b91-459a-85ed-eb1874ebc7ac', '159411', '159255', '2024-01-03 00:00:00', 3000.41, 1, 4, 0, NULL),
    ('31db791c-8750-4d47-b5bc-b12eb7692386', '159255', NULL, '2025-01-08 00:00:00', 1060.34, 0, 0, 1, '4b5dc899-bc1c-4c41-8e88-087da6e7cd1c'),
    ('d0dd3f17-e756-453e-8713-d8dbd65c38e3', '159591', '159152', '2022-12-04 00:00:00', 2782.79, 1, 4, 2, '9a9a9d57-7a0c-4128-a1d8-fd9c90fab266'),
    ('577b3b14-2f11-48d0-9225-3119ab1ea20f', '159195', NULL, '2023-12-23 00:00:00', 4168.94, 1, 1, 2, '6c1a1cc8-1180-4199-af53-2d3408227f5f'),
    ('f6b63413-3be7-4ebf-86f6-1d9e350c57ff', '159988', NULL, '2020-10-24 00:00:00', 1396.68, 0, 0, 0, '2de78029-8387-4368-bff5-694e511f8534'),
    ('789eb9a0-e048-4e76-88c3-833ade8708ce', '159411', '159820', '2020-06-01 00:00:00', 4363.45, 1, 4, 1, NULL),
    ('e68269cc-1f7c-4191-8bf3-6be5567fded5', '159401', NULL, '2023-02-05 00:00:00', 2861.17, 0, 0, 1, NULL),
    ('39f4e9b3-55a4-4e28-bbad-d2091d1bb995', '159152', NULL, '2022-12-01 00:00:00', 2854.57, 0, 0, 2, NULL),
    ('4a734b22-379b-4325-96f1-5d4c466818eb', '159964', NULL, '2022-07-09 00:00:00', 3126.39, 0, 0, 2, '3863d521-a57d-49b1-bcad-11c9d4323024'),
    ('7948772c-ced9-488f-b250-fed7779d9a33', '159434', '159307', '2024-03-17 00:00:00', 2356.96, 1, 4, 2, NULL),
    ('ea529c2b-0d79-4db2-8317-daa41db385e3', '159964', NULL, '2025-01-24 00:00:00', 1171.29, 1, 1, 0, '3863d521-a57d-49b1-bcad-11c9d4323024'),
    ('aa3da53c-b118-4d32-b8f5-ec582aa511c9', '159988', NULL, '2021-01-13 00:00:00', 3512.68, 0, 0, 1, '2de78029-8387-4368-bff5-694e511f8534'),
    ('1329a31c-d83b-4320-b851-febf57fb06b0', '159411', NULL, '2021-05-21 00:00:00', 998.17, 1, 1, 0, NULL),
    ('5ceaaeb1-9bab-461a-962b-869f08c39e80', '159411', '159591', '2020-03-14 00:00:00', 1720.09, 1, 4, 1, NULL),
    ('fdc9d551-0375-455b-8c38-ed0b98bc1bf4', '159162', NULL, '2023-02-06 00:00:00', 593.58, 0, 0, 1, '871c2c13-1537-47c3-a953-62ef7f5e930e'),
    ('964a3573-9ef6-4b69-9b38-7f7aa811565e', '159307', NULL, '2020-02-29 00:00:00', 2195.04, 1, 1, 0, '682d4436-209f-4493-b631-928474350c2b'),
    ('d071fbb5-e5ed-4a6c-aeff-4c4e50b011fe', '159255', NULL, '2020-04-11 00:00:00', 1573.72, 0, 0, 0, '4b5dc899-bc1c-4c41-8e88-087da6e7cd1c'),
    ('1a9c61b7-8a76-473e-93a1-735dd364bd4a', '159766', NULL, '2023-09-01 00:00:00', 3712.86, 1, 1, 2, '6c26a99e-dfb0-4d6a-ac10-a0d78437cd1e'),
    ('64cc7228-3c23-4102-8c5f-94333fb4b2c0', '159152', NULL, '2020-09-14 00:00:00', 651.38, 1, 1, 1, NULL),
    ('91920fac-6622-4694-b32e-fd67240aa242', '159411', '159152', '2024-05-20 00:00:00', 4973.15, 1, 4, 0, NULL),
    ('a9a483cb-cf8b-442f-a871-9b41cfe569d7', '159307', NULL, '2024-11-23 00:00:00', 4573.94, 0, 0, 2, '5c19c363-e525-4dc8-b9b6-396fc87d9148'),
    ('5112bf2e-a2ad-4203-9520-97cc0352dafe', '159152', '159307', '2024-03-30 00:00:00', 2246.51, 1, 4, 0, NULL),
    ('f1e1698e-5e8c-4b5d-9dc2-dc4cf30315f3', '159162', NULL, '2024-12-09 00:00:00', 5217.61, 0, 0, 2, '19598080-6a25-4316-b096-b673eb1a7711'),
    ('78815256-8bc3-475e-9be4-336601131f45', '159591', '159856', '2024-06-10 00:00:00', 662.73, 1, 4, 0, '8ca7c553-b19e-49a4-bfed-6c0cac3a5291'),
    ('cc708367-75ec-43d4-a2b6-50b2eba591d9', '159988', NULL, '2024-11-21 00:00:00', 3816.39, 0, 0, 2, '2de78029-8387-4368-bff5-694e511f8534'),
    ('a30912b5-20b8-4fd6-a999-9fdd80e65755', '159820', NULL, '2025-01-11 00:00:00', 4660.73, 0, 0, 1, '465f5708-b4d6-47ef-b1cf-8cba44a64231'),
    ('dec52337-3270-4d90-aff9-932394707d00', '159152', NULL, '2020-05-05 00:00:00', 215.82, 1, 1, 1, NULL),
    ('e462c849-8890-47b9-b584-339c0a971a32', '159820', NULL, '2022-11-21 00:00:00', 3099.07, 1, 1, 0, 'b677cee5-4d52-485d-9fe0-2bd7372f3c42'),
    ('11ee0cfd-1df3-40e0-8384-3f41eebac43f', '159161', '159195', '2022-07-04 00:00:00', 3891.87, 1, 4, 1, '97286692-f562-4463-aea4-56fd5ae43f9a'),
    ('a92c5061-9354-4c1b-ae3e-c384bc397f10', '159255', NULL, '2022-01-26 00:00:00', 4139.89, 1, 1, 2, '210b58ce-c950-4a7c-aede-b4bbb3bb96e6'),
    ('531bfe7f-9325-4818-92c2-4e4edce8bdf0', '159856', NULL, '2023-04-22 00:00:00', 1630.95, 0, 0, 0, NULL),
    ('50fd9152-192e-460e-b81e-d2ab03114500', '159591', NULL, '2023-07-15 00:00:00', 1517.18, 1, 1, 1, '47d12598-39c6-4346-b0af-55c485a8aa1e'),
    ('51d91cab-5ca1-45e9-aee3-a339760e11e5', '159152', '159307', '2024-12-20 00:00:00', 5989.82, 1, 4, 1, NULL),
    ('8d642419-52fb-42f3-8d41-ccf75f5dce6f', '159988', '159152', '2021-09-17 00:00:00', 3189.35, 1, 4, 0, 'dd96e88f-28f9-40a2-94e9-fbe406f66115'),
    ('7dfa1c79-2c1c-4eb1-9fdd-cb250daf5332', '159152', '159591', '2023-07-31 00:00:00', 1002.53, 1, 4, 1, NULL),
    ('77319e54-ef0a-49c2-85fd-49cea2460953', '159766', NULL, '2024-09-14 00:00:00', 2634.96, 0, 0, 2, '6c26a99e-dfb0-4d6a-ac10-a0d78437cd1e'),
    ('03e4cbb1-4267-4a42-ab4d-7accda408324', '159401', NULL, '2025-03-01 00:00:00', 328.23, 1, 1, 0, NULL),
    ('aafc46fc-2bca-4c29-a718-9755b4a7c4eb', '159162', NULL, '2022-06-30 00:00:00', 4654.4, 1, 1, 2, '871c2c13-1537-47c3-a953-62ef7f5e930e'),
    ('7582b605-7339-4f1e-9ad3-913dd0b9b9f6', '159411', NULL, '2022-02-19 00:00:00', 4185.94, 0, 0, 1, NULL),
    ('7bbee47e-bd8f-4f39-90ea-a16c081cceee', '159434', '159434', '2024-08-16 00:00:00', 1028.39, 1, 4, 1, NULL),
    ('ea8e0007-88da-49cd-a2ec-d805c81ee61c', '159307', NULL, '2022-11-29 00:00:00', 4405.81, 0, 0, 2, '682d4436-209f-4493-b631-928474350c2b'),
    ('2a80e4d9-3137-43fe-b8b1-27285168c18c', '159766', NULL, '2023-06-20 00:00:00', 1468.78, 0, 0, 2, '6c26a99e-dfb0-4d6a-ac10-a0d78437cd1e'),
    ('6fd1f0f9-b66e-44df-8cca-90602f9d0f09', '159766', NULL, '2024-02-22 00:00:00', 3169.23, 0, 0, 1, '6c26a99e-dfb0-4d6a-ac10-a0d78437cd1e'),
    ('c5f8620c-0942-4507-85c1-bcdbcebf0a76', '159161', '159820', '2020-02-04 00:00:00', 502.72, 1, 4, 1, '97286692-f562-4463-aea4-56fd5ae43f9a'),
    ('4b158cb4-946c-4156-955f-917a378696c8', '159195', '159161', '2021-07-27 00:00:00', 4950.84, 1, 3, 1, '6c1a1cc8-1180-4199-af53-2d3408227f5f'),
    ('75b2bf93-3814-40b1-a231-4b321fcc4d0e', '159820', '159766', '2023-01-13 00:00:00', 1520.41, 1, 4, 2, '465f5708-b4d6-47ef-b1cf-8cba44a64231'),
    ('1b459080-8295-4e41-9a4d-2fd8cce2bf13', 'XXXXXX', '159162', '2022-11-02 00:00:00', 5071.23, 1, 3, 2, NULL),
    ('f598ee7b-1b22-4e91-b5c5-9d9d507b85ec', '159988', '159591', '2024-12-05 00:00:00', 5368.22, 1, 3, 0, 'dd96e88f-28f9-40a2-94e9-fbe406f66115'),
    ('45611986-8f71-43e8-90c2-fbfc4a024525', '159401', NULL, '2020-06-08 00:00:00', 4982.36, 0, 0, 0, NULL),
    ('86ddf6a6-17b2-4e0e-982f-f3940fc49e5c', '159401', '159856', '2023-10-02 00:00:00', 1530.72, 1, 4, 2, NULL),
    ('ea988632-cff8-4913-9749-48580e025d01', '159411', NULL, '2025-03-02 00:00:00', 4244.0, 0, 0, 1, NULL),
    ('9eb7bce5-e28a-48e8-b91c-2850d8c9879b', '159766', '159161', '2021-04-20 00:00:00', 3403.09, 1, 4, 2, '6c26a99e-dfb0-4d6a-ac10-a0d78437cd1e'),
    ('a72a31f5-34dc-4217-ae34-621b512c3e60', '159161', '159856', '2024-02-25 00:00:00', 3387.48, 1, 4, 0, '6636c3e5-18b7-4a3c-bf97-097922278adb'),
    ('92045c1c-c357-4dde-9e61-ecff0b681247', '159162', '159856', '2022-05-11 00:00:04', 4229.89, 1, 3, 2, '19598080-6a25-4316-b096-b673eb1a7711'),
    ('1314aedd-d430-44d5-a5a7-6c2f39a8bec1', '159307', NULL, '2021-05-25 00:00:00', 1173.43, 0, 0, 0, '682d4436-209f-4493-b631-928474350c2b'),
    ('d4ebc47a-d32e-4be7-9fe0-cb8b7b58f74c', '159307', '159591', '2023-09-28 00:00:00', 4574.25, 1, 4, 2, '8fca33b1-b578-4078-b040-eef108c192b4'),
    ('3b33b625-ebeb-4db4-90ca-1483f853cc3c', '159162', '159161', '2022-05-11 00:00:01', 3889.29, 1, 3, 2, '6c26a99e-dfb0-4d6a-ac10-a0d78437cd1e'),
    ('57a470ce-48e8-4ae2-b37f-1f7f1d35dc5f', '159162', '159820', '2022-05-11 00:00:03', 4866.75, 1, 3, 1, NULL),
    ('55e190c5-08fb-42ad-a15b-929d4ba2073b', '159162', '159591', '2022-05-11 00:00:02', 4036.66, 1, 4, 0, '6c1a1cc8-1180-4199-af53-2d3408227f5f');
